job_id,job_title,employer_name,job_city,job_state,job_country,job_is_remote,job_employment_type,job_min_salary,job_max_salary,job_salary_currency,job_salary_period,job_description,job_apply_link,job_posted_at_datetime,job_publisher,job_required_experience,job_required_skills,job_required_education,job_benefits,job_google_link,job_offer_expiration_datetime
VKD7xn89fga6UZL-AAAAAA==,"Programador/a Python Jr (para Backend y Datos). 1 d√≠a/presencial y 4 remoto - Madrid, Espa√±a",Sandav,Madrid,Madrid,ES,False,A tiempo completo,,,,,"Desde Sandav estamos buscando un/a Programador/a python para proyecto ESTABLE de mantenimiento y nuevos evolutivos y funcionalidades, en cliente ubicado en Las Rozas, dedicado al sector inmobiliario. Se trabajar√° 4 d√≠as en teletrabajo y 1 d√≠a por semana presencial (zona Renfe: Pinas de las Rozas). Buscamos un perfil junior en torno a 1-2 a√±os de experiencia en python, que quiera desarrollarse en temas de data y backend. Requisitos ‚Ä¢ Al menos 1-2 a√±os de experiencia demostrada en programaci√≥n con...",https://es.linkedin.com/jobs/view/programador-a-python-jr-para-backend-y-datos-1-d%C3%ADa-presencial-y-4-remoto-madrid-espa%C3%B1a-at-sandav-4294227016?utm_campaign=google_jobs_apply&utm_source=google_jobs_apply&utm_medium=organic,,LinkedIn,,,,,https://www.google.com/search?q=jobs&gl=es&hl=es&udm=8#vhid=vt%3D20/docid%3DVKD7xn89fga6UZL-AAAAAA%3D%3D&vssid=jobs-detail-viewer,
qZYuIuf1s2O4f9QOAAAAAA==,Sr Python Backend Developer,Ambar Partners,Madrid,Madrid,ES,False,A tiempo completo,,,,,"Damos fe üë©üèª‚Äçüéì: en Ambar Partners, una legaltech que est√° revolucionando el sector legal, trabajan de forma m√°s √°gil y eficiente. El futuro del derecho no va de grandes despachos ni jerarqu√≠as infinitas, sino de libertad, comunidad y tecnolog√≠a al servicio de las personas. Si quieres marcar la diferencia y cambiar el juego legal‚Ä¶ ¬°Scrollea hacia abajo, te lo contamos to-do!...",https://www.getmanfred.com/ofertas-empleo/8110/ambar-partners-sr-python-backend-developer-sept25?utm_campaign=google_jobs_apply&utm_source=google_jobs_apply&utm_medium=organic,,Manfred,,,,,https://www.google.com/search?q=jobs&gl=es&hl=es&udm=8#vhid=vt%3D20/docid%3DqZYuIuf1s2O4f9QOAAAAAA%3D%3D&vssid=jobs-detail-viewer,
eIDrJn0tBTBjw_AeAAAAAA==,SOFTWARE DEVELOPER PYTHON,IDential Global Consulting,Madrid,Madrid,ES,False,A tiempo completo,,,,,"En IDential necesitamos contratar desarrolladores con experiencia en Python, Bash o Go para uno de nuestro clientes lideres en su sector en uno de sus proyectos. Adem√°s de las tecnolog√≠as mencionadas, ser√° necesario tener conocimientos en la nube y tambi√©n, de herramientas de IaC como pueden ser Terraform o CloudFormation. ¬øQU√â PODEMOS OFRECERTE? ‚Ä¢ Incorporaci√≥n Inmediata ‚Ä¢ Proyecto estable. ‚Ä¢ Trabajo fundamentalmente en remoto remoto. ‚Ä¢ Horario flexible. ‚Ä¢ Desarrollo personal y profesional. REQ...",https://es.linkedin.com/jobs/view/software-developer-python-at-idential-global-consulting-4293176699?utm_campaign=google_jobs_apply&utm_source=google_jobs_apply&utm_medium=organic,,LinkedIn,,,,,https://www.google.com/search?q=jobs&gl=es&hl=es&udm=8#vhid=vt%3D20/docid%3DeIDrJn0tBTBjw_AeAAAAAA%3D%3D&vssid=jobs-detail-viewer,
yw75ipCdWaBL0o6bAAAAAA==,"Python AI / Google ADK, Madrid",Plexus,Madrid,Madrid,ES,False,A tiempo completo,,,,,"Python AI / Google ADK Details Join Plexus Tech. We are seeking a professional with proven experience in projects involving agent frameworks such as Google ADK and LangChain, to participate in the development of advanced semantic processing and document automation solutions. Requirements: ‚Ä¢ Hands-on experience with Google ADK and LangChain. ‚Ä¢ Deep knowledge of technical documentation transformation. ‚Ä¢ Proficiency in PostgreSQL and experience with vector databases. ‚Ä¢ Training and experience with ...",https://www.jobted.es/job/8b3e4e03e3147c5d737096390283cfe7?utm_campaign=google_jobs_apply&utm_source=google_jobs_apply&utm_medium=organic,,Jobted,,,,,https://www.google.com/search?q=jobs&gl=es&hl=es&udm=8#vhid=vt%3D20/docid%3Dyw75ipCdWaBL0o6bAAAAAA%3D%3D&vssid=jobs-detail-viewer,
bkqt4SV_CnCZAPh5AAAAAA==,Programador /a Senior Python ‚Äì Contabilidad P√∫blica,ATM Grupo Maggioli,Madrid,Madrid,ES,False,A tiempo completo,,,,,"En ATM Grupo Maggioli, estamos buscando un/a Programador/a Senior de Python para incorporarse a nuestro Departamento de Contabilidad P√∫blica, con el objetivo de desarrollar, mantener y optimizar nuestro Sistema Contable para la Administraci√≥n Local. Funciones ‚Ä¢ Desarrollar y evolucionar aplicaciones y servicios en Python orientados a la Administraci√≥n Local. ‚Ä¢ Participar en proyectos de integraci√≥n y migraci√≥n de datos entre sistemas heredados y nuevas plataformas. ‚Ä¢ Garantizar la calidad del c√≥...",https://es.linkedin.com/jobs/view/programador-a-senior-python-%E2%80%93-contabilidad-p%C3%BAblica-at-atm-grupo-maggioli-4293195604?utm_campaign=google_jobs_apply&utm_source=google_jobs_apply&utm_medium=organic,,LinkedIn,,,,,https://www.google.com/search?q=jobs&gl=es&hl=es&udm=8#vhid=vt%3D20/docid%3Dbkqt4SV_CnCZAPh5AAAAAA%3D%3D&vssid=jobs-detail-viewer,
s8SNEOeavnkn57VPAAAAAA==,Programador Python,AERTEC Solutions,Madrid,Madrid,ES,False,A tiempo completo,,,,,"Descripci√≥n del puesto: Estamos en la b√∫squeda de una persona con amplios conocimientos en programaci√≥n y dise√±o basado en modelos, altamente motivado a embarcarse en nuevos retos. El candidato seleccionado se integrar√° en un equipo, colaborando en el desarrollo y validaci√≥n de sistemas mediante herramientas avanzadas de modelado y simulaci√≥n. Requisitos: ‚Ä¢ Titulaci√≥n en Ingenier√≠a Aeron√°utica, Electr√≥nica o Telecomunicaciones, muy valorables F√≠sica e Ingenier√≠a Inform√°tica. ‚Ä¢ Solidos conocimien...",https://es.indeed.com/viewjob?jk=224fc98aff768e43&utm_campaign=google_jobs_apply&utm_source=google_jobs_apply&utm_medium=organic,,Indeed,,,,,https://www.google.com/search?q=jobs&gl=es&hl=es&udm=8#vhid=vt%3D20/docid%3Ds8SNEOeavnkn57VPAAAAAA%3D%3D&vssid=jobs-detail-viewer,
v5KoNDCQUA_WGxxGAAAAAA==,"Python, Bash & Go Developer",Aderen,,,ES,False,A tiempo completo,,,,,"BUSCAMOS: Python, Bash & Go Developer Profesional con experiencia contrastada como Python, Bash yGO developer y m√°s de 5 a√±os de experiencia en entornos t√©cnicos similares. Experiencia& Conocimientos Imprescindibles ‚óè M√°s de 5a√±os de experiencia en entornos t√©cnicos similares. ‚óè Dominiode flujos de trabajo con Git ‚óè Conocimientoss√≥lidos en infraestructura cloud, (preferentemente en AWS o Google CloudPlatform) ‚óè Experienciaen infraestructura como c√≥digo utilizando Terraform o CloudFormation ‚óè Man...",https://www.itjobs.es/empleo/38064/python-bash-go-developer?utm_campaign=google_jobs_apply&utm_source=google_jobs_apply&utm_medium=organic,,ITJobs,,,,,https://www.google.com/search?q=jobs&gl=es&hl=es&udm=8#vhid=vt%3D20/docid%3Dv5KoNDCQUA_WGxxGAAAAAA%3D%3D&vssid=jobs-detail-viewer,
oGUC2xvTR1L63DL9AAAAAA==,Programador/a Python Jr (para Backend y Datos). 1 d√≠a/presencial y 4 remoto,SANDAV,Madrid,Madrid,ES,False,A tiempo completo,,,,,"Desde Sandav estamos buscando un/a Programador/a python para proyecto ESTABLE de mantenimiento y nuevos evolutivos y funcionalidades, en cliente ubicado en Las Rozas, dedicado al sector inmobiliario. Se trabajar√° 4 d√≠as en teletrabajo y 1 d√≠a por semana presencial (zona Renfe: Pinas de las Rozas). Buscamos un perfil junior en torno a 1-2 a√±os de experiencia en python, que quiera desarrollarse en temas de data y backend. Requisitos: Al menos 1-2 a√±os de experiencia demostrada en programaci√≥n con ...",https://ticjob.es/esp/trabajo/programador-python-jr-backend-datos-1-dia-presencial-4-remoto/69238?utm_campaign=google_jobs_apply&utm_source=google_jobs_apply&utm_medium=organic,,Ticjob,,,,,https://www.google.com/search?q=jobs&gl=es&hl=es&udm=8#vhid=vt%3D20/docid%3DoGUC2xvTR1L63DL9AAAAAA%3D%3D&vssid=jobs-detail-viewer,
sYUwKJ3_u0ilCYqjAAAAAA==,Desarrollador PYTHON - IoT (TELETRABAJO),Hasten Group,Madrid,Madrid,ES,False,A tiempo completo,,,,,"Localidad Madrid N¬∫ Vacantes (puestos) 1 Funciones En Grupo Hasten estamos seleccionando un/a Programador/a Python con al menos 3 a√±os de experiencia orientado a temas de IOT y buen nivel de ingles, para unirse a uno de nuestros clientes en modalidad de 100% teletrabajo. Requisitos ‚Ä¢ Dominio avanzado de Python, incluyendo: (M√≠nimo 3 a√±os de experiencia) Automatizaci√≥n y procesamiento de datos Integraci√≥n con dispositivos IoT o sistemas industriales mediante protocolos como Modbus, OPC-UA, MQTT o...",https://es.linkedin.com/jobs/view/desarrollador-python-iot-teletrabajo-at-hasten-group-4289304104?utm_campaign=google_jobs_apply&utm_source=google_jobs_apply&utm_medium=organic,,LinkedIn,,,,,https://www.google.com/search?q=jobs&gl=es&hl=es&udm=8#vhid=vt%3D20/docid%3DsYUwKJ3_u0ilCYqjAAAAAA%3D%3D&vssid=jobs-detail-viewer,
rxWoVAemQnoi8NymAAAAAA==,Senior Python Engineer,Accenture,Madrid,Madrid,ES,False,A tiempo completo,,,,,At Accenture we believe in technology as the engine for the total reinvention of the company. We work with the leading platforms and partners in the market to drive our clients businesses through digitalization AI and data. If you want to be part of a Great Place To Work and join a team of over 801000 professionals worldwide keep reading What will you be doing - Design and implement backend architectures based on microservices using Python and modern frameworks like FastAPI. - Build APIs followi...,https://www.tecnoempleo.com/senior-python-engineer-accenture/python/rf-027311ca22ac03348c42?utm_campaign=google_jobs_apply&utm_source=google_jobs_apply&utm_medium=organic,,Tecnoempleo,,,,,https://www.google.com/search?q=jobs&gl=es&hl=es&udm=8#vhid=vt%3D20/docid%3DrxWoVAemQnoi8NymAAAAAA%3D%3D&vssid=jobs-detail-viewer,
N6ldXmhdXA68D5YzAAAAAA==,Medior Software Engineer with python. Madrid.,ALTEN Delivery Centre Spain,,,ES,False,A tiempo completo,,,,,Are you looking for the next challenge in your career? Would you like to be part of an exciting highly qualified team of professionals in an international environment? We are currently looking for a 2- 4 years experience qualified python Developer Join an international division and work alongside with some of the most talented engineers and technicians from all over the world. Your benefits: ‚Ä¢ Competitive Salary. ‚Ä¢ Long-term secure contract. ‚Ä¢ International Project with top technologies ‚Ä¢ Possib...,https://www.adzuna.es/details/5382478470?utm_campaign=google_jobs_apply&utm_source=google_jobs_apply&utm_medium=organic,,Adzuna,,,,,https://www.google.com/search?q=jobs&gl=es&hl=es&udm=8#vhid=vt%3D20/docid%3DN6ldXmhdXA68D5YzAAAAAA%3D%3D&vssid=jobs-detail-viewer,
LoE1gSzH8NxTvlHYAAAAAA==,Docente Programaci√≥n Python,Tokio School,Madrid,Madrid,ES,False,A tiempo completo,,,,,"Descripci√≥n: En Tokio School buscamos un profesional que nos apoye en nuestro curso de Programaci√≥n Python ¬øTe buscamos a ti? Maybe‚Ä¶ Te incorporar√≠as cuanto antes a una escuela de formaci√≥n online tecnol√≥gica (aqu√≠ se forman los mejores samur√°is digitales). Actualmente estamos buscando a un docente para nuestra formaci√≥n. Si has trabajado en el sector, y te ilusiona compartir tu conocimiento y experiencia con nuestro alumnado, ¬°entonces sigue leyendo! ¬øCu√°les ser√°n tus funciones? Como docente es...",https://es.indeed.com/viewjob?jk=642c4b9c1306b028&utm_campaign=google_jobs_apply&utm_source=google_jobs_apply&utm_medium=organic,,Indeed,,,,,https://www.google.com/search?q=jobs&gl=es&hl=es&udm=8#vhid=vt%3D20/docid%3DLoE1gSzH8NxTvlHYAAAAAA%3D%3D&vssid=jobs-detail-viewer,
ueGbV-E9XQj5QHUgAAAAAA==,Programador Python orientado a datos,etalentum Selecci√≥n,Madrid,Madrid,ES,False,A tiempo completo,,,,,Empresa del sector socio-sanitario necesita incorporar un programador con amplia experiencia en Python para el desarrollo de servicios de anal√≠tica de datos en el √°mbito de la prevenci√≥n y el cuidado de la salud mediante dispositivos IoT Funciones y responsabilidades: - Desarrollar servicios necesarios para el departamento de an√°lisis de datos. - Construcci√≥n de dashboards que solucionen las necesidades del equipo de an√°lisis de datos: visualizaci√≥n de an√°lisis estad√≠sticos y datos generados por...,https://es.linkedin.com/jobs/view/programador-python-orientado-a-datos-at-etalentum-selecci%C3%B3n-4291567736?utm_campaign=google_jobs_apply&utm_source=google_jobs_apply&utm_medium=organic,,LinkedIn,,,,,https://www.google.com/search?q=jobs&gl=es&hl=es&udm=8#vhid=vt%3D20/docid%3DueGbV-E9XQj5QHUgAAAAAA%3D%3D&vssid=jobs-detail-viewer,
olcg8q4ZseEpEFBDAAAAAA==,Desarrollador Backend Python,Page Personnel,Madrid,Madrid,ES,False,A tiempo completo,,,,,Perfil buscado (Hombre/Mujer) Dise√±ar desarrollar y mantener aplicaciones backend utilizando Python. Implementar y optimizar APIs RESTful para integraciones internas y externas. Participar en la revisi√≥n de c√≥digo y en la mejora continua de las pr√°cticas de desarrollo. Colaborar estrechamente con equipos multidisciplinares para garantizar la funcionalidad y calidad del software. Gestionar bases de datos relacionales y no relacionales. Resolver problemas t√©cnicos y garantizar la escalabilidad del...,https://www.tecnoempleo.com/desarrollador-backend-python-page-personnel/python/rf-21131d5552389381ed48?utm_campaign=google_jobs_apply&utm_source=google_jobs_apply&utm_medium=organic,,Tecnoempleo,,,,,https://www.google.com/search?q=jobs&gl=es&hl=es&udm=8#vhid=vt%3D20/docid%3Dolcg8q4ZseEpEFBDAAAAAA%3D%3D&vssid=jobs-detail-viewer,
XYHDVD_WyF-h-IsTAAAAAA==,"IA Engineer - Python & LangChain, LangGraph y LlamaIndex - Madrid",Oxigent,,Madrid,ES,False,A tiempo completo,,,,,"¬øTe interesar√≠a seguir desarroll√°ndote como Ingeniero/a de Inteligencia Artificial en una empresa l√≠der en el sector de entretenimiento digital con especialidad en industria gambling? Desde Oxigent Technologies seleccionamos un/a IA ENGINEER para incorporarse al equipo de desarrollo en proyectos avanzados de IA generativa, ubicado en Madrid. Tu misi√≥n ser√° desarrollar agentes y soluciones productivas en el √°rea de IA aplicada al producto final, integr√°ndote en un equipo t√©cnico especializado y c...",https://oxigent.io/jobs/ia-engineer-python-langchain-langgraph-y-llamaindex-madrid/?utm_campaign=google_jobs_apply&utm_source=google_jobs_apply&utm_medium=organic,,Oxigent,,,,,https://www.google.com/search?q=jobs&gl=es&hl=es&udm=8#vhid=vt%3D20/docid%3DXYHDVD_WyF-h-IsTAAAAAA%3D%3D&vssid=jobs-detail-viewer,
QJcbtWfU2_gKCdrgAAAAAA==,Medior Software Engineer with python. Madrid.,ALTEN Delivery Centre Spain,Madrid,Madrid,ES,False,A tiempo completo,,,,,Are you looking for the next challenge in your career? Would you like to be part of an exciting highly qualified team of professionals in an international environment? We are currently looking for a 2- 4 years experience qualified python Developer Join an international division and work alongside with some of the most talented engineers and technicians from all over the world. Your benefits: ‚Ä¢ Competitive Salary. ‚Ä¢ Long-term secure contract. ‚Ä¢ International Project with top technologies ‚Ä¢ Possib...,https://es.linkedin.com/jobs/view/medior-software-engineer-with-python-madrid-at-alten-delivery-centre-spain-4291790034?utm_campaign=google_jobs_apply&utm_source=google_jobs_apply&utm_medium=organic,,LinkedIn,,,,,https://www.google.com/search?q=jobs&gl=es&hl=es&udm=8#vhid=vt%3D20/docid%3DQJcbtWfU2_gKCdrgAAAAAA%3D%3D&vssid=jobs-detail-viewer,
YZFODP5k-2Xb9Q5NAAAAAA==,Desarrollador/a Python (H√≠brido Madrid),Sopra Steria,Madrid,Madrid,ES,False,A tiempo completo,,,,,"Descripci√≥n de la empresa Porque trabajar en Sopra Steria, tambi√©n es sentir Sopra Steria. Somos un reconocido l√≠der europeo en consultor√≠a, servicios digitales y desarrollo de software, con cerca de 56.000 empleados en casi 30 pa√≠ses y m√°s de 4.000 en Espa√±a. Nos enfocamos en las personas, en su formaci√≥n y desarrollo profesional, lo que nos impulsa a crecer y mejorar constantemente. Tenemos pasi√≥n por lo digital y al igual que t√∫, buscamos la mejor de las aventuras. Queremos que tu d√≠a a d√≠a s...",https://jobs.smartrecruiters.com/SopraSteria1/744000078086915-desarrollador-a-python-hibrido-madrid-?utm_campaign=google_jobs_apply&utm_source=google_jobs_apply&utm_medium=organic,,SmartRecruiters Job Search,,,,,https://www.google.com/search?q=jobs&gl=es&hl=es&udm=8#vhid=vt%3D20/docid%3DYZFODP5k-2Xb9Q5NAAAAAA%3D%3D&vssid=jobs-detail-viewer,
Cj8n1gqlR--QNHyWAAAAAA==,Consultor/formador Python,Formadores IT,Madrid,Madrid,ES,False,A tiempo completo,,,,,"Descripci√≥n de la empresa** Formadores IT** empresa de referencia en servicios IT, experta en formaci√≥n especializada, selecci√≥n de personal y outsourcing tecnol√≥gico. Somos una **_consultora de formaci√≥n_** con m√°s de 10 a√±os de experi√™ncia en el mundo de la formaci√≥n in company orientados a empresas del sector TIC, part√≠cipes en el dise√±o e impartici√≥n de planes de formaci√≥n empresarial TIC, con la responsabilidad de formar a profesionales y satisfacer las necesidades de actualizaci√≥n de sus c...",https://es.jobrapido.com/jobpreview/6798999202413150208?utm_campaign=google_jobs_apply&utm_source=google_jobs_apply&utm_medium=organic,,Jobrapido.com,,,,,https://www.google.com/search?q=jobs&gl=es&hl=es&udm=8#vhid=vt%3D20/docid%3DCj8n1gqlR--QNHyWAAAAAA%3D%3D&vssid=jobs-detail-viewer,
BRuO0lteeVVYP8pqAAAAAA==,QA (Python) (TELETRABAJO),Capitole,Madrid,Madrid,ES,False,A tiempo completo,,,,,Capitole sigue creciendo y queremos hacerlo contigo! ¬øQu√© podemos ofrecerte? Estar√°s integrado/a en un equipo √°gil para mantener y construir proyectos de aseguramiento de la calidad para garantizar que los productos son probados y validados en base a las necesidades y requisitos del cliente. La posici√≥n es 100% remota. El proyecto es totalmente estable y con garant√≠as de largo plazo. ¬øQu√© buscamos? Eres la persona ideal para el puesto si : ~ Tienes experiencia previa en el rol de QA Auto m√≠nima ...,https://es.jooble.org/rjdp/-1356385129397533797?utm_campaign=google_jobs_apply&utm_source=google_jobs_apply&utm_medium=organic,,Jooble,,,,,https://www.google.com/search?q=jobs&gl=es&hl=es&udm=8#vhid=vt%3D20/docid%3DBRuO0lteeVVYP8pqAAAAAA%3D%3D&vssid=jobs-detail-viewer,
51ocoTSraG6Nzh_pAAAAAA==,Desarrollador Python - Remoto,Morgan Philips Specialist Recruitment,,,ES,False,A tiempo completo,,,,,"Nuestro cliente, una compa√±√≠a tecnol√≥gica en plena expansi√≥n, especializada en soluciones de protecci√≥n digital frente a la pirater√≠a y uso indebido de contenidos online, busca incorporar un Backend Developer a su plantilla, en formato 100% remoto. Tecnolog√≠a: ‚Ä¢ Estructura CI/CD implementada con Jenkins y Docker. ‚Ä¢ Diferentes entornos para realizar pruebas antes de desplegar a producci√≥n. ‚Ä¢ Stack basado en Python y AWS. ‚Ä¢ Arquitectura serverless sobre un entorno de microservicios utilizando Doma...",https://jobs.morganphilips.com/en-es/desarrollador-python-remoto-150156?utm_campaign=google_jobs_apply&utm_source=google_jobs_apply&utm_medium=organic,,Morgan Philips - Morgan Philips Group,,,,,https://www.google.com/search?q=jobs&gl=es&hl=es&udm=8#vhid=vt%3D20/docid%3D51ocoTSraG6Nzh_pAAAAAA%3D%3D&vssid=jobs-detail-viewer,
rFC91BEORW7wWBdiAAAAAA==,Python AI / Google ADK,Plexus,Madrid,Madrid,ES,False,A tiempo completo,,,,,Details Join Plexus Tech. We are seeking a professional with proven experience in projects involving agent frameworks such as Google ADK and LangChain to participate in the development of advanced semantic processing and document automation solutions. Requirements - Hands-on experience with Google ADK and LangChain. - Deep knowledge of technical documentation transformation. - Proficiency in PostgreSQL and experience with vector databases. - Training and experience with MCP (Model Context Protoc...,https://www.tecnoempleo.com/python-ai-google-adk-plexus/postgresql-google-adk/rf-95f1160af277d35a2441?utm_campaign=google_jobs_apply&utm_source=google_jobs_apply&utm_medium=organic,,Tecnoempleo,,,,,https://www.google.com/search?q=jobs&gl=es&hl=es&udm=8#vhid=vt%3D20/docid%3DrFC91BEORW7wWBdiAAAAAA%3D%3D&vssid=jobs-detail-viewer,
sT2jha9qITITV1X4AAAAAA==,Desarrollador PYTHON - IoT (TELETRABAJO),Hasten group,Madrid,Madrid,ES,False,A tiempo completo,,,,,"Localidad Madrid N¬∫ Vacantes (puestos): 1 Funciones: En Grupo Hasten estamos seleccionando un/a Programador/a Python con al menos 3 a√±os de experiencia orientado a temas de IOT y buen nivel de ingles, para unirse a uno de nuestros clientes en modalidad de 100% teletrabajo. Requisitos: ‚Ä¢ Dominio avanzado de Python, incluyendo: (M√≠nimo 3 a√±os de experiencia) Automatizaci√≥n y procesamiento de datos Integraci√≥n con dispositivos IoT o sistemas industriales mediante protocolos como Modbus, OPC-UA, MQT...",https://es.indeed.com/viewjob?jk=1516ae7c8e9ba2ea&utm_campaign=google_jobs_apply&utm_source=google_jobs_apply&utm_medium=organic,,Indeed,,,,,https://www.google.com/search?q=jobs&gl=es&hl=es&udm=8#vhid=vt%3D20/docid%3DsT2jha9qITITV1X4AAAAAA%3D%3D&vssid=jobs-detail-viewer,
Kn-6XWtpi_MO73KtAAAAAA==,‚ñ∑ (4/9/2025) Go / Python Developer,Akuaro,Madrid,Madrid,ES,False,A tiempo completo,,,,,"Backend Software Engineer Madrid (h√≠brido) 45K ‚Äì 75K brutos/a√±o Go / Python ¬∑ Automatizaci√≥n de procesos ¬∑ Backend limpio ¬∑ Escalabilidad Nuestro partner Nuestro partner es una compa√±√≠a tecnol√≥gica (SaaS) de producto consolidada y con operaciones en m√∫ltiples pa√≠ses, millones de usuarios activos y una infraestructura digital que escala globalmente. E foco de est√° posici√≥n est√° en transformar procesos operativos complejos en soluciones autom√°ticas, escalables y sin fricci√≥n. El equipo en el que e...",https://es.jobrapido.com/jobpreview/6117168127651348480?utm_campaign=google_jobs_apply&utm_source=google_jobs_apply&utm_medium=organic,,Jobrapido.com,,,,,https://www.google.com/search?q=jobs&gl=es&hl=es&udm=8#vhid=vt%3D20/docid%3DKn-6XWtpi_MO73KtAAAAAA%3D%3D&vssid=jobs-detail-viewer,
tiHHO4tPCXytW2YpAAAAAA==,Especialista en Programaci√≥n Python,beBeeprogramacion,Madrid,Madrid,ES,False,A tiempo completo,,,,,"Estamos buscando a un/a especialista en programaci√≥n Python para participar en el desarrollo de soluciones innovadoras que conectan datos, dispositivos y decisiones. A continuaci√≥n te presentamos algunos detalles clave sobre la posici√≥n: ‚Ä¢ Dominio avanzado de Python, especialmente para automatizaci√≥n y procesamiento de datos, integraci√≥n con dispositivos industriales o IoT, protocolos como Modbus, OPC-UA, MQTT o APIs REST ‚Ä¢ S√≥lida experiencia con PostgreSQL: consultas SQL avanzadas, modelado, no...",https://es.trabajo.org/oferta-3065-7b072bb941e00ba6945e9edda0f93653?utm_campaign=google_jobs_apply&utm_source=google_jobs_apply&utm_medium=organic,,Trabajo.org,,,,,https://www.google.com/search?q=jobs&gl=es&hl=es&udm=8#vhid=vt%3D20/docid%3DtiHHO4tPCXytW2YpAAAAAA%3D%3D&vssid=jobs-detail-viewer,
a37CUpbCe93XZsCnAAAAAA==,Desarrollador/a Python/Django con ingl√©s REMOTO,Oxigent Technologies,Madrid,Madrid,ES,False,A tiempo completo,,,,,"Te interesar√≠a seguir desarroll√°ndote como Python Developer en una empresa internacional del sector FinTech con presencia en m√°s de 25 pa√≠ses del mundo? Desde Oxigent Technologies seleccionamos un/a PROGRAMADOR/A PYTHON para incorporarse al equipo de la compa√±√≠a, en un entorno colaborativo y participando en proyectos retadores desde sus oficinas de Madrid o M√°laga. Tu misi√≥n principal ser√° para participar de manera transversal en el desarrollo y optimizaci√≥n del n√∫cleo del sistema financiero pri...",https://es.jooble.org/rjdp/2766975111333409974?utm_campaign=google_jobs_apply&utm_source=google_jobs_apply&utm_medium=organic,,Jooble,,,,,https://www.google.com/search?q=jobs&gl=es&hl=es&udm=8#vhid=vt%3D20/docid%3Da37CUpbCe93XZsCnAAAAAA%3D%3D&vssid=jobs-detail-viewer,
JojdQNBMJiHRizPsAAAAAA==,Programador Python y Pyspark,Grupo NS,Madrid,Madrid,ES,False,A tiempo completo,,,,,En Grupo NS estamos seleccionando para un importante proyecto dentro del sector bancario Desarrolladores con experiencia en Python y Pyspark para migrar procesos de SAS a plataforma AWS El trabajo se realizar√° bajo modalidad hibrida en Madrid Grupo NS es una empresa donde se valora tanto el perfil profesional tecnol√≥gico de los trabajadores como el inter√©s y la aptitud que demuestren a la hora de desarrollar nuevos proyectos. Por ello requerimos personas constantes con ganas de evolucionar y apr...,https://www.tecnoempleo.com/programador-python-pyspark-grupo-ns/python-pyspark/rf-5cec164f72a913fd204b?utm_campaign=google_jobs_apply&utm_source=google_jobs_apply&utm_medium=organic,,Tecnoempleo,,,,,https://www.google.com/search?q=jobs&gl=es&hl=es&udm=8#vhid=vt%3D20/docid%3DJojdQNBMJiHRizPsAAAAAA%3D%3D&vssid=jobs-detail-viewer,
hU3CO33X5Op1MRq5AAAAAA==,Angular Developer (with Python),Astek,Madrid,Madrid,ES,False,A tiempo completo,,,,,"Desde Astek estamos buscando un/a Desarrollador front con Angular para cooperar con nuestro partner l√≠der en el sector energ√≠a. üí™ Tu misi√≥n, si la aceptas‚Ä¶ ‚Ä¢ Dise√±ar y codificar soluciones t√©cnicas en la interfaz gr√°fica de usuario. ‚Ä¢ Colaborar en la definici√≥n y arquitectura de la soluci√≥n. ‚Ä¢ Gesti√≥n de requisitos y desarrollo ‚Ä¢ Colaborar con los diferentes stakeholders y miembros del equipo (Backend, front, QA, PO...) üëÄ ¬øQui√©n eres? ‚Ä¢ Alguien con al menos 4 a√±os de experiencia trabajando en de...",https://www.jobijoba.es/oferta-empleo/69/97c0ebe70e2a282390e66c04a5f3e216?utm_campaign=google_jobs_apply&utm_source=google_jobs_apply&utm_medium=organic,,Jobijoba,,,,,https://www.google.com/search?q=jobs&gl=es&hl=es&udm=8#vhid=vt%3D20/docid%3DhU3CO33X5Op1MRq5AAAAAA%3D%3D&vssid=jobs-detail-viewer,
aPJQEJgCLujjPI_xAAAAAA==,Data Science + Python Midior,SG Tech,Madrid,Madrid,ES,False,A tiempo completo,,,,,"Descripci√≥n En **ServiguideTECH **precisamos incorporar un perfil de **Data Science + Python,** para desarrollos en importante cliente del sector bancario. ‚Ä¢ *Ofrecemos**: - Contrato indefinido. - Participaci√≥n en proyectos y tecnolog√≠as innovadores. - Evoluci√≥n profesional y promoci√≥n personalizada. - Proyectos indefinidos. - Modelo de trabajo **h√≠brido en Madrid**: - Horario: L-J 09:00-19:00 V 09:00-15:00. Verano intensiva ‚Ä¢ *Requisitos**: - Experi√™ncia 3 a√±os como Data Scientist - Formaci√≥n r...",https://es.jobrapido.com/jobpreview/5677767547064156160?utm_campaign=google_jobs_apply&utm_source=google_jobs_apply&utm_medium=organic,,Jobrapido.com,,,,,https://www.google.com/search?q=jobs&gl=es&hl=es&udm=8#vhid=vt%3D20/docid%3DaPJQEJgCLujjPI_xAAAAAA%3D%3D&vssid=jobs-detail-viewer,
MEoGa854bZbP_D4WAAAAAA==,Python AI developer,Virtusa,Madrid,Madrid,ES,False,A tiempo completo,,,,,"JD: About the Role We arre looking for a Software Developer with strong experience in building VS Code extensions, integrating AI agents using tools like Langchain and LangGraph, and a passion for enhancing the Software Development Lifecycle (SDLC) through cutting-edge technologies. You will be part of a high-impact team, building tools that live where developers work from smart coding environments to agent-driven pipelines and help shape the future of intelligent development. What You will Be D...",https://es.indeed.com/viewjob?jk=aa7d5ff6b850ae8a&utm_campaign=google_jobs_apply&utm_source=google_jobs_apply&utm_medium=organic,,Indeed,,,,,https://www.google.com/search?q=jobs&gl=es&hl=es&udm=8#vhid=vt%3D20/docid%3DMEoGa854bZbP_D4WAAAAAA%3D%3D&vssid=jobs-detail-viewer,
EGaauai94MpKSC5eAAAAAA==,Python Developer + Linux & Wintel,Minsait,Madrid,Madrid,ES,False,A tiempo completo,,,,,"En Minsait Cyber, sabemos que el talento es la clave para impulsar el cambio y construir un futuro digital m√°s seguro. Si est√°s listo para enfrentarte a nuevos desaf√≠os, crecer profesionalmente y aportar tu experiencia a proyectos que realmente marcan la diferencia, este es el lugar para ti. √önete a nuestro equipo como Python Developer + Linux & Wintel y forma parte de una transformaci√≥n constante, donde tu impacto ser√° fundamental en un entorno innovador y en evoluci√≥n. Ser parte de nuestro equ...",https://careers.minsait.com/Minsait/job/Madrid-Python-Developer-%2B-Linux-&-Wintel/1169109455/?utm_campaign=google_jobs_apply&utm_source=google_jobs_apply&utm_medium=organic,,Minsait,,,,,https://www.google.com/search?q=jobs&gl=es&hl=es&udm=8#vhid=vt%3D20/docid%3DEGaauai94MpKSC5eAAAAAA%3D%3D&vssid=jobs-detail-viewer,
ITDp9W1cIzMBSKBWAAAAAA==,Backend Developer - Python /Flask,AD4 Oct√≥gono,Madrid,Madrid,ES,False,A tiempo completo,,,,,"En AD4 Oct√≥gono estamos contratando. Buscamos un Backend Developer con experiencia en Flask y un fuerte enfoque en entornos cloud-native. ¬øTe apasiona desarrollar servicios backend robustos y escalables? ¬øTienes experiencia trabajando con AWS, Kubernetes y arquitecturas de microservicios? Si adem√°s te manejas bien en ingl√©s y est√°s ubicado en Europa, ¬°queremos conocerte! Requisitos imprescindibles: ‚úîÔ∏è +4 a√±os de experiencia en desarrollo software con lenguajes orientados a objetos como Python, J...",https://es.linkedin.com/jobs/view/backend-developer-python-flask-at-ad4-oct%C3%B3gono-4292645235?utm_campaign=google_jobs_apply&utm_source=google_jobs_apply&utm_medium=organic,,LinkedIn,,,,,https://www.google.com/search?q=jobs&gl=es&hl=es&udm=8#vhid=vt%3D20/docid%3DITDp9W1cIzMBSKBWAAAAAA%3D%3D&vssid=jobs-detail-viewer,
8xgBsqw8Bmrenqt4AAAAAA==,Data Analyst - Python/ Power BI/ SQL,Meta Engineering,Las Rozas de Madrid,Madrid,ES,False,A tiempo completo,,,,,"Meta Engineering acumula m√°s de 40 a√±os de historia en la prestaci√≥n de servicios de consultor√≠a en ingenier√≠a en todo tipo de infraestructuras. Nuestro especial compromiso con el medio ambiente, nos ha convertido en un referente en movilidad sostenible y en generaci√≥n de energ√≠as renovables. Ofrecemos servicios de ingenier√≠a totalmente personalizados a lo largo de todo el ciclo de vida del proyecto, que van desde el dise√±o preliminar y los estudios de viabilidad hasta el dise√±o de detalle, impl...",https://es.jooble.org/rjdp/755786720173116943?utm_campaign=google_jobs_apply&utm_source=google_jobs_apply&utm_medium=organic,,Jooble,,,,,https://www.google.com/search?q=jobs&gl=es&hl=es&udm=8#vhid=vt%3D20/docid%3D8xgBsqw8Bmrenqt4AAAAAA%3D%3D&vssid=jobs-detail-viewer,
_mwzpDfpdmzXK5sNAAAAAA==,"Backend developer con experiencia en c, python, linux",Iic,Madrid,Madrid,ES,False,A tiempo completo y Contratista,,,,,"Te incorporar√°s al equipo de Lynx, producto basado en Machine Learning y Programaci√≥n de Alto Rendimiento para la detecci√≥n del fraude bancario en tiempo real. Funciones: ¬∑ Participaci√≥n en el desarrollo y mantenimiento de una aplicaci√≥n innovadora en el √°rea de detecci√≥n de fraude en entornos financieros. ¬∑ An√°lisis del rendimiento de la aplicaci√≥n. ¬∑ An√°lisis de requerimientos (colaborando con el cliente en su definici√≥n) y participaci√≥n en el dise√±o de soluciones. ¬∑ Elaboraci√≥n de casos de pr...",https://www.insertia.net/ver-oferta/4d6f5ccb-a8b2-483f-ac11-4b4affb3da91?utm_campaign=google_jobs_apply&utm_source=google_jobs_apply&utm_medium=organic,,Insertia.net,,,,,https://www.google.com/search?q=jobs&gl=es&hl=es&udm=8#vhid=vt%3D20/docid%3D_mwzpDfpdmzXK5sNAAAAAA%3D%3D&vssid=jobs-detail-viewer,
dW53xr8ytPwrr46yAAAAAA==,Node & Python Developer,GFT,Madrid,Madrid,ES,False,A tiempo completo,,,,,GFT es una compaa pionera en transformacin digital. Diseamos soluciones de negocio centradas en la inteligencia artificial (AI-Centric) modernizamos infraestructuras de TI y desarrollamos sistemas core de nueva generacin para lderes del sector bancario asegurador e industrial. En estrecha colaboracin con nuestros clientes desafiamos los lmites para ayudarles a alcanzar todo su potencial. Qu estamos buscando Actualmente tenemos un puesto vacante para un/a SeniorPython Developerque quiera desaroll...,https://www.drjobpro.com/job/view/MBDAA25D67TWZPR?utm_campaign=google_jobs_apply&utm_source=google_jobs_apply&utm_medium=organic,,Dr. Job,,,,,https://www.google.com/search?q=jobs&gl=es&hl=es&udm=8#vhid=vt%3D20/docid%3DdW53xr8ytPwrr46yAAAAAA%3D%3D&vssid=jobs-detail-viewer,
FzcXiKQMktpA6UhwAAAAAA==,Sr Python Developer,InfoserNT,Madrid,Madrid,ES,False,A tiempo completo,,,,,"Infoser NT is looking for a highly qualified Sr Python Developer to join our innovative team. The ideal candidate will be responsible for developing Python-based solutions to deploy and manage cloud components (Azure Services), implementing API infrastructure for client self-service management, and configuring pipelines for continuous testing, integration, and deployment. Key Responsibilities:Design a reliable, robust, and scalable DevOps platform to support cloud systems and services.Develop an...",https://www.trabajas.es/oferta/sr-python-developer-845107cd1016f26/?utm_campaign=google_jobs_apply&utm_source=google_jobs_apply&utm_medium=organic,,Trabajas.es - Ofertas De Trabajo,,,,,https://www.google.com/search?q=jobs&gl=es&hl=es&udm=8#vhid=vt%3D20/docid%3DFzcXiKQMktpA6UhwAAAAAA%3D%3D&vssid=jobs-detail-viewer,
HyEtF1hsfRk7NimwAAAAAA==,Desarrollador/a Python/Devops Con Ingl√©s (Teletrabajo),knowmad mood,Madrid,Madrid,ES,False,A tiempo completo,,,,,"Si cuentas con una experiencia consolidada como Python Developer con experiencia con SQL Alchemy y tienes nivel alto de ingl√©s a nivel conversaci√≥n (m√≠nimo B2) , y tu objetivo es seguir creciendo profesionalmente junto a un equipo de alto nivel ¬°esta es tu oportunidad! ¬øQu√© puede ofrecerte knowmad mood (anteriormente atSistemas)? Teletrabajo : 100% Remoto Flexibilidad horaria : horario de 8:30h a 18h (flexible) viernes de 8h a 15h y verano (Julio y Agosto) de 8h a 15h Plan de Carrera: Todos nues...",https://es.jooble.org/rjdp/6118592376831831113?utm_campaign=google_jobs_apply&utm_source=google_jobs_apply&utm_medium=organic,,Jooble,,,,,https://www.google.com/search?q=jobs&gl=es&hl=es&udm=8#vhid=vt%3D20/docid%3DHyEtF1hsfRk7NimwAAAAAA%3D%3D&vssid=jobs-detail-viewer,
1arys4lEE8JDb_NcAAAAAA==,Python Software Engineer,SENSIA,Legan√©s,Madrid,ES,False,A tiempo completo,,,,,"SENSIA is a high technology company, leader in the field of IR imaging and very intensive in R+D. Our products provide services mainly in the industrial field, creating high added value in the monitoring of processes for the reduction of the carbon footprint produced by gas emissions into the atmosphere, increased safety, and optimization of operations. SENSIA has a wide range of highly differentiated solutions that are currently marketed in more than 15 countries with the USA as the main territ...",https://es.linkedin.com/jobs/view/python-software-engineer-at-sensia-4294801302?utm_campaign=google_jobs_apply&utm_source=google_jobs_apply&utm_medium=organic,,LinkedIn,,,,,https://www.google.com/search?q=jobs&gl=es&hl=es&udm=8#vhid=vt%3D20/docid%3D1arys4lEE8JDb_NcAAAAAA%3D%3D&vssid=jobs-detail-viewer,
-yAXe23pEI9kfyTxAAAAAA==,Software Engineer AWS,sg tech,Madrid,Madrid,ES,False,A tiempo completo,,,,,Descripci√≥n Necesitamos un perfil Software Engineer Tareas / Requisitos Los candidatos solo pueden estar localizados en ESPA√ëA POLONIA UK y PORTUGAL en ning√∫n otro pa√≠s. Developer role working with the technical leads in the Cloud Contact Centre. Working in an Agile squad as AWS Developer taking users stories related to primarily AWS Lambda development as well as Amazon Connect and Amazon Lex. Mandatory skills IS HIGH PRIORITY TO HAVE AWS Lambda/Python SKILLS (BLOCKING) - Development and impleme...,https://www.tecnoempleo.com/software-engineer-aws-sg-tech/python-java/rf-9a421cb6b2cad3c43243?utm_campaign=google_jobs_apply&utm_source=google_jobs_apply&utm_medium=organic,,Tecnoempleo,,,,,https://www.google.com/search?q=jobs&gl=es&hl=es&udm=8#vhid=vt%3D20/docid%3D-yAXe23pEI9kfyTxAAAAAA%3D%3D&vssid=jobs-detail-viewer,
ii4Z7cLgMspyNsSxAAAAAA==,Python Azure Developer (Remoto),Oxigent,,Madrid,ES,False,A tiempo completo,,,,,"Te interesar√≠a seguir desarroll√°ndote como Ingeniero/a de Inteligencia Artificial en una empresa l√≠der en el sector de entretenimiento digital con especialidad en industria gambling ? Desde Oxigent Technologies seleccionamos un/a IA ENGINEER para incorporarse al equipo de desarrollo en proyectos avanzados de IA generativa , ubicado en Madrid . Tu misi√≥n ser√° desarrollar agentes y soluciones productivas en el √°rea de IA aplicada al producto final, integr√°ndote en un equipo t√©cnico especializado y...",https://es.jooble.org/rjdp/5370822339192378238?utm_campaign=google_jobs_apply&utm_source=google_jobs_apply&utm_medium=organic,,Jooble,,,,,https://www.google.com/search?q=jobs&gl=es&hl=es&udm=8#vhid=vt%3D20/docid%3Dii4Z7cLgMspyNsSxAAAAAA%3D%3D&vssid=jobs-detail-viewer,
4OMgHe7K6lY2kEZHAAAAAA==,Programador/a Phyton - An√°lisis de datos,Imprex,Fuenlabrada,Madrid,ES,False,A tiempo completo,,,,,"Desde Imprex buscamos un Programador/a Python con s√≥lida experiencia en an√°lisis de datos para incorporarse a nuestro equipo de desarrollo, dentro del departamento inform√°tico. ¬øQu√© har√≠as? ‚Ä¢ Desarrollar y mantener soluciones de an√°lisis de datos usando Python ‚Ä¢ Realizar mantenimiento preventivo y correctivo de bases de datos ‚Ä¢ Crear automatizaciones para procesos repetitivos y flujos de trabajo ‚Ä¢ Gestionar proyectos de an√°lisis de datos y desarrollo desde la concepci√≥n hasta la implementaci√≥n ‚Ä¢...",https://es.linkedin.com/jobs/view/programador-a-phyton-an%C3%A1lisis-de-datos-at-imprex-4294349167?utm_campaign=google_jobs_apply&utm_source=google_jobs_apply&utm_medium=organic,,LinkedIn,,,,,https://www.google.com/search?q=jobs&gl=es&hl=es&udm=8#vhid=vt%3D20/docid%3D4OMgHe7K6lY2kEZHAAAAAA%3D%3D&vssid=jobs-detail-viewer,
SDUwabWH1jFcSzEdAAAAAA==,Programador PHP o Python,beBee,Madrid,Madrid,ES,False,A tiempo completo,,,,,"Oferta de Trabajo: Programador PHP o Python Ubicaci√≥n: Miranda de Ebro, con opci√≥n de teletrabajo parcial Descripci√≥n del Puesto: Estamos en b√∫squeda de un programador talentoso y motivado con conocimientos en PHP o Python para unirse a nuestro equipo de beBee en Miranda de Ebro. La posici√≥n ofrece la flexibilidad de trabajar parcialmente desde casa. Responsabilidades: ‚Ä¢ Desarrollo y mantenimiento de aplicaciones web utilizando PHP o Python. ‚Ä¢ Colaborar con el equipo para dise√±ar, desarrollar y ...",https://es.bebee.com/job/i04kc9dfg83aqney2hruvmz1px6s7jo5?utm_campaign=google_jobs_apply&utm_source=google_jobs_apply&utm_medium=organic,,BeBee,,,,,https://www.google.com/search?q=jobs&gl=es&hl=es&udm=8#vhid=vt%3D20/docid%3DSDUwabWH1jFcSzEdAAAAAA%3D%3D&vssid=jobs-detail-viewer,
xGfxaI_xHxgYCkH8AAAAAA==,CURSO ONLINE GRATUITO PROGRAMACI√ìN PYTHON CON IA con discapacidad,NA,Madrid,Madrid,ES,False,A tiempo completo,,,,,"¬øTe gustar√≠a formarte en uno de los √°mbitos con mayor proyecci√≥n profesional? ¬øQuieres desarrollar tus competencias digitales y convertirte en un/a programador/a en Python, con conocimientos en Inteligencia Artificial? Si est√°s buscando mejorar tus habilidades tecnol√≥gicas, en Fundaci√≥n Adecco pensamos en tu #YoDelFuturo. Por eso, te invitamos a dar el primer paso hacia una carrera digital con nuestra nueva propuesta formativa. La Fundaci√≥n Adecco lanza una nueva edici√≥n de la Escuela Digital, d...",https://www.adecco.es/oferta-trabajo/curso-online-gratuito-programacion-python-con-ia-con-discapacidad?ID=A5DAE6E4D076503961552D2594B173C3&utm_campaign=google_jobs_apply&utm_source=google_jobs_apply&utm_medium=organic,,Adecco,,,,,https://www.google.com/search?q=jobs&gl=es&hl=es&udm=8#vhid=vt%3D20/docid%3DxGfxaI_xHxgYCkH8AAAAAA%3D%3D&vssid=jobs-detail-viewer,
fOlfKBSOcttLFQzrAAAAAA==,Python Lead Developer,BNP Paribas,Madrid,Madrid,ES,False,A tiempo completo,,,,,GROUP BNP PARIBAS BNP Paribas Group is the top bank in the European Union and a major international banking establishment. It has close to 185000 employees in 65 countries. In Spain we are more than 5100 employees within 13 business lines. Spain IT Production Spain IT Production organization consists of CIB ITO ITG IT Platforms and is responsible for providing IT Production services to our Clients in EMEA ensuring a Digital Market evolution in a secured and performant environment and with a reli...,https://www.tecnoempleo.com/python-lead-developer-bnp-paribas/python/rf-95ed16b172df7348dd4c?utm_campaign=google_jobs_apply&utm_source=google_jobs_apply&utm_medium=organic,,Tecnoempleo,,,,,https://www.google.com/search?q=jobs&gl=es&hl=es&udm=8#vhid=vt%3D20/docid%3DfOlfKBSOcttLFQzrAAAAAA%3D%3D&vssid=jobs-detail-viewer,
EbAVt_OIFY9XdiL6AAAAAA==,Desarrollador/a AWS Lambda/PYTHON,Hasten group,Madrid,Madrid,ES,False,A tiempo completo,,,,,"Localidad Madrid N¬∫ Vacantes (puestos): 1 Funciones: Estamos seleccionando un/a Desarrollador/a Python con experiencia en AWS Lambda para un importante proyecto que se est√° desarrollando con uno de nuestros mas importantes clientes. Modalidad hibrida en Ja√©n, Granada, C√≥rdoba, Sevilla, Barcelona, Almer√≠a, M√°laga o Madrid (3-4 d√≠as presenciales a la semana en oficina). Requisitos: ‚Ä¢ Desarrollo e implementaci√≥n utilizando Python en funciones AWS Lambda. ‚Ä¢ Desarrollo e implementaci√≥n de soluciones ...",https://es.indeed.com/viewjob?jk=df8e89591f00ead4&utm_campaign=google_jobs_apply&utm_source=google_jobs_apply&utm_medium=organic,,Indeed Espa√±a,,,,,https://www.google.com/search?q=jobs&gl=es&hl=es&udm=8#vhid=vt%3D20/docid%3DEbAVt_OIFY9XdiL6AAAAAA%3D%3D&vssid=jobs-detail-viewer,
OvverAP66A1GtY3dAAAAAA==,"Desarrollador Junior Python, Pyspark/ScalaSpark",Aubay Spain,Madrid,Madrid,ES,False,A tiempo completo,,,,,"Localidad : Madrid Provincia : Madrid N¬∫ Vacantes (puestos) : 1 Funciones Grupo Aubay precisa incorporar en uno de sus principales clientes un/a desarrollador/a Python ¬øQui√©nes somos Aubay? Somos una multinacional europea creada en 1997 con presencia en Espa√±a desde hace m√°s de 20 a√±os, cotizamos en bolsa con el √≠ndice (EURONEXT: AUB), nuestra sede central en Paris, y presencia en Francia, Luxemburgo, Reino Unido, B√©lgica, Italia, M√©xico, Portugal y Espa√±a. Contamos con un equipo humano de m√°s d...",https://es.linkedin.com/jobs/view/desarrollador-junior-python-pyspark-scalaspark-at-aubay-spain-4290701956?utm_campaign=google_jobs_apply&utm_source=google_jobs_apply&utm_medium=organic,,LinkedIn,,,,,https://www.google.com/search?q=jobs&gl=es&hl=es&udm=8#vhid=vt%3D20/docid%3DOvverAP66A1GtY3dAAAAAA%3D%3D&vssid=jobs-detail-viewer,
WlB4ASurw2Sz7lleAAAAAA==,Python Web Developer,SHUTTLE99,Madrid,Madrid,ES,False,A tiempo completo,,,,,"Join to apply for the Python Web Developer (Canary Islands) role at SHUTTLE99 . Get AI-powered advice on this job and more exclusive features. Are you a talented Python developer with a passion for fintech? Join our small yet dynamic company based in the breathtaking Canary Islands as we embark on exciting projects at the intersection of technology and finance. We are seeking a Junior / Mid Python Developer to be a key player in our development team. In this role, you will have the chance to wor...",https://es.trabajo.org/oferta-1698-4e91fc6ae188c8bee3a439e10d23a0e5?utm_campaign=google_jobs_apply&utm_source=google_jobs_apply&utm_medium=organic,,Trabajo.org,,,,,https://www.google.com/search?q=jobs&gl=es&hl=es&udm=8#vhid=vt%3D20/docid%3DWlB4ASurw2Sz7lleAAAAAA%3D%3D&vssid=jobs-detail-viewer,
ZwOQJwqKtq8WRXWeAAAAAA==,Data developer (spark y python),Arelance,Madrid,Madrid,ES,False,A tiempo completo,,,,,"¬øC√≥mo vas a afrontar tu desarrollo profesional? Acompa√±ado o en solitario, con vistas al futuro o s√≥lo en el presente, con entusiasmo o sin ilusi√≥n. En Arelance sabemos que las personas son el activo m√°s importante dentro de una empresa, por ello invertimos tiempo y dedicaci√≥n para encontrar los mejores profesionales de hoy y de ma√±ana. No empleamos menos tiempo en escoger en nuestros clientes los mejores proyectos con proyecci√≥n y en donde aportar realmente valor. Formar√°s parte de un entorno c...",https://worksinit.com/empleos/python/madrid/data-developer-spark-y-python?utm_campaign=google_jobs_apply&utm_source=google_jobs_apply&utm_medium=organic,,Worksinit,,,,,https://www.google.com/search?q=jobs&gl=es&hl=es&udm=8#vhid=vt%3D20/docid%3DZwOQJwqKtq8WRXWeAAAAAA%3D%3D&vssid=jobs-detail-viewer,
OeeinUveC-TONxlAAAAAAA==,Software Engineer (Python),Prima,Madrid,Madrid,ES,False,A tiempo completo,,,,,"Are you looking for a new challenge? Fancy helping us shape the future of motor insurance? Prima could be the place for you. Since 2015, we‚Äôve been using our love of data and tech to rethink motor insurance and bring drivers a great experience at a great price. Our story began in Italy, where we‚Äôve quickly become the number one online motor insurance provider. In fact, we‚Äôre trusted by over 4 million drivers. And now we‚Äôre expanding to help millions more drivers in the UK and Spain. To help fuel...",https://es.linkedin.com/jobs/view/software-engineer-python-at-prima-4077411227?utm_campaign=google_jobs_apply&utm_source=google_jobs_apply&utm_medium=organic,,LinkedIn,,,,,https://www.google.com/search?q=jobs&gl=es&hl=es&udm=8#vhid=vt%3D20/docid%3DOeeinUveC-TONxlAAAAAAA%3D%3D&vssid=jobs-detail-viewer,
tI6ZCxiaBDUZeHsjAAAAAA==,Python / IA - Sr Software Engineer (IDP),Inetum,Madrid,Madrid,ES,False,A tiempo completo,,,,,"Mission Como Sr. Software Engineer dentro de nuestro centro de desarrollo de IA, jugar√°s un papel fundamental en el desarrollo de soluciones de vanguardia utilizando tecnolog√≠as Python, Java o .Net. Aprovechando tu experiencia en el desarrollo de Inteligencia Artificial , contribuir√°s al desarrollo de aplicaciones y plataformas que transforman los negocios y sus empleados Responsabilidades Clave ‚Ä¢ Desarrollar y evolucionar la plataforma GenAI IDP (Intelligent Document Processing), plataforma de ...",https://es.linkedin.com/jobs/view/python-ia-sr-software-engineer-idp-at-inetum-4164187667?utm_campaign=google_jobs_apply&utm_source=google_jobs_apply&utm_medium=organic,,LinkedIn,,,,,https://www.google.com/search?q=jobs&gl=es&hl=es&udm=8#vhid=vt%3D20/docid%3DtI6ZCxiaBDUZeHsjAAAAAA%3D%3D&vssid=jobs-detail-viewer,
qdkieAW5yiyNIrygAAAAAA==,"Python Developer, Madrid Espa√±a",Fracttal,,Madrid,ES,False,A tiempo completo,,,,,"Conect√° el presente con el futuro como Desarrollador / a de Integraciones en Fracttal! Te apasiona la tecnolog√≠a, el backend y el impacto real en la operaci√≥n de miles de empresas? Esta es tu oportunidad para unirte a un equipo que est√° revolucionando el mantenimiento industrial con inteligencia, innovaci√≥n y prop√≥sito. En Fracttal somos mucho m√°s que una tech : somos la fuerza que impulsa la transformaci√≥n digital del mantenimiento y la gesti√≥n de activos a nivel global. Con presencia en Espa√±a...",https://es.jooble.org/jdp/-6660804305982495960?utm_campaign=google_jobs_apply&utm_source=google_jobs_apply&utm_medium=organic,,Jooble,,,,,https://www.google.com/search?q=jobs&gl=es&hl=es&udm=8#vhid=vt%3D20/docid%3DqdkieAW5yiyNIrygAAAAAA%3D%3D&vssid=jobs-detail-viewer,
rqPbKZawJULISstAAAAAAA==,"Programador/a Data (Big Data, Cloud, Scala, Python o Java) indispensable Cert. Discapacidad 33%","Bluetab, an IBM Company",Madrid,Madrid,ES,False,A tiempo completo,,,,,"Bluetab, an IBM Company. certificados ¬°Great Place to Work & Best Work to Place! como una de las mejores compa√±√≠as para trabajar. Una compa√±√≠a muy techie que nos ha llevado a ser el brazo fuerte de IBM en Data, Cloud, ML & IA y donde, para empresas clave de diversos sectores, ayudamos a acelerar y optimizar estrategias en plataformas de datos y en la nube, sacando al m√°ximo las ventajas de su arquitectura y entornos de desarrollo. Como desarrollador/a en entornos Data/Cloud con Scala, Python o J...",https://es.linkedin.com/jobs/view/programador-a-data-big-data-cloud-scala-python-o-java-indispensable-cert-discapacidad-33%25-at-bluetab-an-ibm-company-4287106784?utm_campaign=google_jobs_apply&utm_source=google_jobs_apply&utm_medium=organic,,LinkedIn,,,,,https://www.google.com/search?q=jobs&gl=es&hl=es&udm=8#vhid=vt%3D20/docid%3DrqPbKZawJULISstAAAAAAA%3D%3D&vssid=jobs-detail-viewer,
FswNclcxoFu8NQBEAAAAAA==,PROGRAMADOR/A PHYTON,Imprex,Fuenlabrada,Madrid,ES,False,A tiempo completo,,,,,"Desde Imprex buscamos un Programador/a Python con s√≥lida experiencia en an√°lisis de datos para incorporarse a nuestro equipo de desarrollo, dentro del departamento inform√°tico. ¬øQu√© har√≠as? ‚Ä¢ Desarrollar y mantener soluciones de an√°lisis de datos usando Python ‚Ä¢ Realizar mantenimiento preventivo y correctivo de bases de datos ‚Ä¢ Crear automatizaciones para procesos repetitivos y flujos de trabaj ‚Ä¢ Gestionar proyectos de an√°lisis de datos y desarrollo desde la concepci√≥n hasta la implementaci√≥n ‚Ä¢ ...",https://es.linkedin.com/jobs/view/programador-a-phyton-at-imprex-4292742974?utm_campaign=google_jobs_apply&utm_source=google_jobs_apply&utm_medium=organic,,LinkedIn,,,,,https://www.google.com/search?q=jobs&gl=es&hl=es&udm=8#vhid=vt%3D20/docid%3DFswNclcxoFu8NQBEAAAAAA%3D%3D&vssid=jobs-detail-viewer,
hsFHgEu_NlFP1D1RAAAAAA==,Programador Python,AERTEC,Getafe,Madrid,ES,False,A tiempo completo,,,,,"Descripci√≥n del puesto: Descripci√≥n del puesto: Estamos en la b√∫squeda de una persona con amplios conocimientos en programaci√≥n y dise√±o basado en modelos, altamente motivado a embarcarse en nuevos retos. El candidato seleccionado se integrar√° en un equipo, colaborando en el desarrollo y validaci√≥n de sistemas mediante herramientas avanzadas de modelado y simulaci√≥n. Requisitos: ‚Ä¢ Titulaci√≥n en Ingenier√≠a Aeron√°utica, Electr√≥nica o Telecomunicaciones, muy valorables F√≠sica e Ingenier√≠a Inform√°ti...",https://es.linkedin.com/jobs/view/programador-python-at-aertec-4290386547?utm_campaign=google_jobs_apply&utm_source=google_jobs_apply&utm_medium=organic,,LinkedIn,,,,,https://www.google.com/search?q=jobs&gl=es&hl=es&udm=8#vhid=vt%3D20/docid%3DhsFHgEu_NlFP1D1RAAAAAA%3D%3D&vssid=jobs-detail-viewer,
fzDZeeu5aEgviaQVAAAAAA==,Python Developer (FinTech) - Madrid o M√°laga,Oxigent Technologies,Madrid,Madrid,ES,False,A tiempo completo,,,,,"¬øTe interesar√≠a seguir desarroll√°ndote como Python Developer en una empresa internacional del sector FinTech con presencia en m√°s de 25 pa√≠ses del mundo? Desde Oxigent Technologies seleccionamos un/a PROGRAMADOR/A PYTHON para incorporarse al equipo de la compa√±√≠a, en un entorno colaborativo y participando en proyectos retadores desde sus oficinas de Madrid o M√°laga. Tu misi√≥n principal ser√° para participar de manera transversal en el desarrollo y optimizaci√≥n del n√∫cleo del sistema financiero pr...",https://es.linkedin.com/jobs/view/python-developer-fintech-madrid-o-m%C3%A1laga-at-oxigent-technologies-4284790155?utm_campaign=google_jobs_apply&utm_source=google_jobs_apply&utm_medium=organic,,LinkedIn,,,,,https://www.google.com/search?q=jobs&gl=es&hl=es&udm=8#vhid=vt%3D20/docid%3DfzDZeeu5aEgviaQVAAAAAA%3D%3D&vssid=jobs-detail-viewer,
Ru4dbWy9HYJY8rJ7AAAAAA==,Python / Pyspark Developer,ADEREN,Madrid,Madrid,ES,False,A tiempo completo,,,,,BUSCAMOS : Python / Pyspark Developer Profesional con experiencia contrastada (al menos de 4 a os en desarrollo con Python) desempe ando el role de Python / Pyspark Developer. El proyecto es una Migraci n de la monitorizaci n de AML que se encuentra en SAS AML que hay que migrar a la plataforma AWS y que las alertas generadas se env en al nuevo Case Manager. Funciones & Tareas Desarrollo de aplicaciones basadas en transformaci n de datos a gran escala en Python con ADA o en su defecto haya traba...,https://es.whatjobs.com/gfj/237706023?utm_campaign=google_jobs_apply&utm_source=google_jobs_apply&utm_medium=organic,,WhatJobs,,,,,https://www.google.com/search?q=jobs&gl=es&hl=es&udm=8#vhid=vt%3D20/docid%3DRu4dbWy9HYJY8rJ7AAAAAA%3D%3D&vssid=jobs-detail-viewer,
bf3aSxvgfUL8SlbtAAAAAA==,Senior Python Engineer - AI Content Pipelines,RavenPack,Madrid,Madrid,ES,False,A tiempo completo,,,,,"About Us At RavenPack, we are at the forefront of developing the next generation of generative AI tools for the finance industry and beyond. With 20 years of experience as a leading big data analytics provider for financial services, we empower our clients‚Äîincluding some of the world's most successful hedge funds, banks, and asset managers‚Äîto enhance returns, reduce risk, and increase efficiency by integrating public information into their models and workflows. Building on this expertise, we are...",https://es.linkedin.com/jobs/view/senior-python-engineer-ai-content-pipelines-at-ravenpack-4279479924?utm_campaign=google_jobs_apply&utm_source=google_jobs_apply&utm_medium=organic,,LinkedIn,,,,,https://www.google.com/search?q=jobs&gl=es&hl=es&udm=8#vhid=vt%3D20/docid%3Dbf3aSxvgfUL8SlbtAAAAAA%3D%3D&vssid=jobs-detail-viewer,
vxcVQaPZNbPzeWzCAAAAAA==,Python Developer + Linux & Wintel,Minsait,Madrid,Madrid,ES,False,A tiempo completo,,,,,"Ubicaci√≥n: Madrid, ES Perfil profesional: Ciberseguridad Experiencia requerida: M√°s de 2 a√±os de experiencia Modalidad del puesto: Remoto En Minsait Cyber, sabemos que el talento es la clave para impulsar el cambio y construir un futuro digital m√°s seguro. Si est√°s listo para enfrentarte a nuevos desaf√≠os, crecer profesionalmente y aportar tu experiencia a proyectos que realmente marcan la diferencia, este es el lugar para ti. √önete a nuestro equipo como Python Developer + Linux & Wintel y forma...",https://es.indeed.com/viewjob?jk=b97b96065b9ac729&utm_campaign=google_jobs_apply&utm_source=google_jobs_apply&utm_medium=organic,,Indeed,,,,,https://www.google.com/search?q=jobs&gl=es&hl=es&udm=8#vhid=vt%3D20/docid%3DvxcVQaPZNbPzeWzCAAAAAA%3D%3D&vssid=jobs-detail-viewer,
SVfVBDAsJ_CpIVcTAAAAAA==,Data Engineer - Informatica PowerCenter & Python,Atradius,Madrid,Madrid,ES,False,A tiempo completo,,,,,"Atradius The Atradius Group provides trade credit insurance, surety and collections services worldwide, and has a presence through 160 offices in 52 countries. The products offered by Atradius protect companies around the world against the default risks associated with selling goods and services on credit. At Atradius, we believe in personal development and the Growth Mindset. Our Culture is based on teamwork, reliable accountability, constantly improving and unrivalled service. Read on more on ...",https://es.linkedin.com/jobs/view/data-engineer-informatica-powercenter-python-at-atradius-4294449403?utm_campaign=google_jobs_apply&utm_source=google_jobs_apply&utm_medium=organic,,LinkedIn,,,,,https://www.google.com/search?q=jobs&gl=es&hl=es&udm=8#vhid=vt%3D20/docid%3DSVfVBDAsJ_CpIVcTAAAAAA%3D%3D&vssid=jobs-detail-viewer,
NFYuzIhlX4nyH0B4AAAAAA==,Backend Software Engineer Python,Client Server,Humanes de Madrid,Madrid,ES,False,A tiempo completo,,,,,"Backend Software Engineer / Developer (Python FastAPI AI) Madrid / WFH to ‚Ç¨95,000 Are you a data centric backend focussed Software Engineering technologist? You could be progressing your career at a ""Tech for Good"" start-up that is using AI models to help people focus on healthy living to extend their life, making personalised health risk assessments and connecting people with specialist clinicians. As a Backend Software Engineer you will design and develop Python, FastAPIs, data pipelines and b...",https://es.linkedin.com/jobs/view/backend-software-engineer-python-at-client-server-4294984274?utm_campaign=google_jobs_apply&utm_source=google_jobs_apply&utm_medium=organic,,LinkedIn,,,,,https://www.google.com/search?q=jobs&gl=es&hl=es&udm=8#vhid=vt%3D20/docid%3DNFYuzIhlX4nyH0B4AAAAAA%3D%3D&vssid=jobs-detail-viewer,
6JE1L1bcplsK_C-YAAAAAA==,Data Engineer - PySpark/Python,KPMG,Madrid,Madrid,ES,False,A tiempo completo,,,,,"Buscamos un/a Programador/a Senior especializado/a en PySpark/Python con experiencia en programaci√≥n orientada a objetos para incorporarse a la Oficina del Dato de nuestra organizaci√≥n. Ser√°s parte de un equipo estrat√©gico encargado de transformar y optimizar la gesti√≥n de datos a gran escala, apoyando la toma de decisiones clave en la compa√±√≠a. ¬øQu√© podr√°s hacer? - Dise√±o, desarrollo y optimizaci√≥n de soluciones utilizando PySpark/Spark /Python - Implementaci√≥n de procesos ETL/ELT y pipelines d...",https://carreras.kpmg.es/job/Madrid-Data-Engineer-PySparkPython-28046/1205598701/?utm_campaign=google_jobs_apply&utm_source=google_jobs_apply&utm_medium=organic,,Carreras KPMG,,,,,https://www.google.com/search?q=jobs&gl=es&hl=es&udm=8#vhid=vt%3D20/docid%3D6JE1L1bcplsK_C-YAAAAAA%3D%3D&vssid=jobs-detail-viewer,
0D4ZCojJXOVrXxeMAAAAAA==,Software Engineer. Java y Python,Teldat,Tres Cantos,Madrid,ES,False,A tiempo completo,,,,,"En Teldat, empresa espa√±ola l√≠der en tecnolog√≠a, dedicada al dise√±o y desarrollo de equipos y soluciones innovadoras de conectividad empresarial, estamos ampliando nuestro equipo. Buscamos un/a desarrollador Fullstack con pasi√≥n por la tecnolog√≠a para unirse a nuestro equipo de desarrollo del servicio de gesti√≥n global. Trabajar√°s en un sistema clave para la gesti√≥n masiva de dispositivos y la configuraci√≥n de tecnolog√≠a de red Teldat, caracterizado por su alta disponibilidad, el uso de tecnolog...",https://es.linkedin.com/jobs/view/software-engineer-java-y-python-at-teldat-4271400405?utm_campaign=google_jobs_apply&utm_source=google_jobs_apply&utm_medium=organic,,LinkedIn,,,,,https://www.google.com/search?q=jobs&gl=es&hl=es&udm=8#vhid=vt%3D20/docid%3D0D4ZCojJXOVrXxeMAAAAAA%3D%3D&vssid=jobs-detail-viewer,
6oPFg2RmiTaAY4e3AAAAAA==,Ingeniero/a EGSE (LabVIEW Python),GMV,Madrid,Madrid,ES,False,A tiempo completo,,,,,Buscas un sitio innovador y consolidado en el que desarrollarte profesionalmente En GMV tienes tu oportunidad perfectaEstamos ampliando nuestros equipos en elsector Aeroespacialpara asumir proyectos dentro de la divisi√≥n deAvi√≥nica y Equipamiento Espacialen nuestra oficina de Madrid contribuyendo al desarrollo de proyectos y productos con una fuerte contribuci√≥n a lasactividades de I+D.Nos gusta ir al grano te vamos a contar lo que no est√° en la red. Si quieres saber m√°s sobre nosotros accede a ...,https://www.tecnoempleo.com/ingeniero-egse-labview-python-gmv/c-c/rf-be0f1a72127793447543?utm_campaign=google_jobs_apply&utm_source=google_jobs_apply&utm_medium=organic,,Tecnoempleo,,,,,https://www.google.com/search?q=jobs&gl=es&hl=es&udm=8#vhid=vt%3D20/docid%3D6oPFg2RmiTaAY4e3AAAAAA%3D%3D&vssid=jobs-detail-viewer,
wQk6KHDs_NNRrZZ2AAAAAA==,Desarrollador/a FullStack (Python + Vue.js) Madrid - Completamente remoto,Tecdata,Madrid,Madrid,ES,False,A tiempo completo,,,,,"Responsabilidades. Desarrollo de aplicaciones FullStack con Python (backend) y Vue.js (frontend). Colaboraci√≥n con el equipo en la definici√≥n e implementaci√≥n de nuevas funcionalidades. Mantenimiento, optimizaci√≥n y mejora continua de las aplicaciones existentes. Aplicaci√≥n de buenas pr√°cticas de desarrollo y control de calidad del c√≥digo. Requisitos. Experiencia m√≠nima de 1 a 2 a√±os en desarrollo FullStack. Python para backend. Vue.js para frontend. Conocimientos de bases de datos relacionales ...",https://www.trabajas.es/oferta/desarrollador-a-fullstack-python--vuejs-madrid-completamente-remoto-5be68cbc181359f/?utm_campaign=google_jobs_apply&utm_source=google_jobs_apply&utm_medium=organic,,Trabajas.es - Ofertas De Trabajo,,,,,https://www.google.com/search?q=jobs&gl=es&hl=es&udm=8#vhid=vt%3D20/docid%3DwQk6KHDs_NNRrZZ2AAAAAA%3D%3D&vssid=jobs-detail-viewer,
NpipP_hInK9D5IJTAAAAAA==,Desarrollador/a de Sotware C y Python,Capgemini Engineering,Getafe,Madrid,ES,False,A tiempo completo,,,,,"Desarrollador/a de Software C y Python Capgemini Engineering, lider mundial en servicios de ingenieria, reune equipos de ingenieros/as, cientificos/as y arquitectos/as para ayudar a las empresas mas innovadoras del mundo a liberar su potencial y contribuir a un futuro mejor. Desde coches autonomos hasta robots que salvan vidas, nuestros/as expertos/as en tecnologias digitales y software se salen de lo convencional proporcionando servicios unicos de I+D e ingenieria en todos los sectores de activ...",https://es.linkedin.com/jobs/view/desarrollador-a-de-sotware-c-y-python-at-capgemini-engineering-4277805668?utm_campaign=google_jobs_apply&utm_source=google_jobs_apply&utm_medium=organic,,LinkedIn,,,,,https://www.google.com/search?q=jobs&gl=es&hl=es&udm=8#vhid=vt%3D20/docid%3DNpipP_hInK9D5IJTAAAAAA%3D%3D&vssid=jobs-detail-viewer,
EPlqNRd4xXOJ7MvfAAAAAA==,Data Engineer Python | 100% teletrabajo,Hasten group,Madrid,Madrid,ES,False,A tiempo completo,,,,,"Localidad madrid N¬∫ Vacantes (puestos): 1 Funciones: En Grupo Hasten estamos seleccionando un/a Data Engineer Python con al menos 3 a√±os de experiencia trabajando con Oracle Golden Gate para unirse a uno de nuestros clientes en modalidad 100% teletrabajo. Requisitos: ‚Äì Experiencia trabajando con Oracle Golden Gate. ‚Äì Experiencia avanzada con SQL. ‚Äì Experiencia demostrable en administraci√≥n de sistemas Linux/Unix. ‚Äì Experiencia en scripting: Bash Linux, PowerShell o Python para automatizaci√≥n de ...",https://es.indeed.com/viewjob?jk=33b1ae48b960600c&utm_campaign=google_jobs_apply&utm_source=google_jobs_apply&utm_medium=organic,,Indeed,,,,,https://www.google.com/search?q=jobs&gl=es&hl=es&udm=8#vhid=vt%3D20/docid%3DEPlqNRd4xXOJ7MvfAAAAAA%3D%3D&vssid=jobs-detail-viewer,
gpmYOjEu_8QwT-k1AAAAAA==,Senior Full-Stack Engineer (Python),RavenPack,Madrid,Madrid,ES,False,A tiempo completo,,,,,"About Us At RavenPack, we are at the forefront of developing the next generation of generative AI tools for the finance industry and beyond. With 20 years of experience as a leading big data analytics provider for financial services, we empower our clients‚Äîincluding some of the world's most successful hedge funds, banks, and asset managers‚Äîto enhance returns, reduce risk, and increase efficiency by integrating public information into their models and workflows. Building on this expertise, we are...",https://es.linkedin.com/jobs/view/senior-full-stack-engineer-python-at-ravenpack-4264442587?utm_campaign=google_jobs_apply&utm_source=google_jobs_apply&utm_medium=organic,,LinkedIn,,,,,https://www.google.com/search?q=jobs&gl=es&hl=es&udm=8#vhid=vt%3D20/docid%3DgpmYOjEu_8QwT-k1AAAAAA%3D%3D&vssid=jobs-detail-viewer,
CjHb3PjDBxBv9TxmAAAAAA==,"üöÄ ¬°Buscamos Ingeniero/a Inform√°tico Back End Python(Pandas, Numpy) Big Data & Machine Learning!",Quental,Madrid,Madrid,ES,False,A tiempo completo,,,,,¬øQuieres formar parte de un equipo que trabaja con tecnolog√≠as punteras en Big Data y ser protagonista en la creaci√≥n de soluciones de an√°lisis avanzado que marcan la diferencia? En nuestro laboratorio tendr√°s la oportunidad de programar procesos de manejo de grandes vol√∫menes de informaci√≥n y contribuir a la implementaci√≥n de modelos de machine learning y an√°lisis estad√≠stico que impulsan decisiones estrat√©gicas. Con colaboraci√≥n en los equipos de desarrollo de las soluciones de Big Data llevan...,https://es.linkedin.com/jobs/view/%F0%9F%9A%80-%C2%A1buscamos-ingeniero-a-inform%C3%A1tico-back-end-python-pandas-numpy-big-data-machine-learning%21-at-quental-4296431204?utm_campaign=google_jobs_apply&utm_source=google_jobs_apply&utm_medium=organic,,LinkedIn,,,,,https://www.google.com/search?q=jobs&gl=es&hl=es&udm=8#vhid=vt%3D20/docid%3DCjHb3PjDBxBv9TxmAAAAAA%3D%3D&vssid=jobs-detail-viewer,
J7J_WEWrdOySUW36AAAAAA==,Devops (Python / GitHub Actions),Vermont Solutions,Madrid,Madrid,ES,False,A tiempo completo,,,,,"Devops ¬øTe apasiona dise√±ar soluciones CI/CD y trabajar en entornos altamente colaborativos y t√©cnicos? En Vermont, estamos buscando un perfil DevOps con experiencia s√≥lida en el ecosistema de GitHub Actions, Python y pr√°cticas modernas de integraci√≥n y despliegue continuo para incorporar a equipo de nuestro cliente del sector energ√©tico. üß© ¬øCu√°l ser√° tu misi√≥n? Ser√°s responsable de dise√±ar, implementar y mantener arquitecturas robustas que automaticen y optimicen los procesos de desarrollo y de...",https://es.linkedin.com/jobs/view/devops-python-github-actions-at-vermont-solutions-4294266974?utm_campaign=google_jobs_apply&utm_source=google_jobs_apply&utm_medium=organic,,LinkedIn,,,,,https://www.google.com/search?q=jobs&gl=es&hl=es&udm=8#vhid=vt%3D20/docid%3DJ7J_WEWrdOySUW36AAAAAA%3D%3D&vssid=jobs-detail-viewer,
qytltnvfbx_I9eq4AAAAAA==,Senior DevOps / ML Engineer (Python) - remoto (^),Between Technology,Madrid,Madrid,ES,False,A tiempo completo,,,,,"En BETWEEN te ofrecemos las oportunidades que necesitas para alcanzar tus objetivos profesionales. Si quieres desarrollar tus capacidades en IT e Ingenier√≠a ¬°este es tu pr√≥ximo destino! Damos soporte en una gran variedad de √°reas como Firmware, Software, BI, Dise√±o, Project Management y muchas m√°s. Adem√°s, desarrollamos soluciones tecnol√≥gicas a medida desde nuestros BETWEEN Labs. Estamos buscando un Senior DevOps / MLOps para ampliar uno de nuestros equipos en Madrid. Funciones Como Senior DevO...",https://es.linkedin.com/jobs/view/senior-devops-ml-engineer-python-remoto-%5E-at-between-technology-4270285817?utm_campaign=google_jobs_apply&utm_source=google_jobs_apply&utm_medium=organic,,LinkedIn,,,,,https://www.google.com/search?q=jobs&gl=es&hl=es&udm=8#vhid=vt%3D20/docid%3Dqytltnvfbx_I9eq4AAAAAA%3D%3D&vssid=jobs-detail-viewer,
eo9HyXUpVHlj4TcaAAAAAA==,FULL STACK DEVELOPER (PYTHON + VUE.JS),Kimia Group,Madrid,Madrid,ES,False,A tiempo completo,,,,,"üíª Feedsmore is Hiring! We‚Äôre Looking for a Full Stack Developer (Python + Vue.js) üöÄ Are you passionate about building robust backend systems and developing dynamic, modern frontends? Join Feedsmore (Kimia Group) and help evolve a production-grade platform that handles complex data pipelines and serves engaging user interfaces at scale. What you‚Äôll do: ‚úî Develop and maintain APIs and backend services in Django (Python) ‚úî Optimize background processing tasks with Celery and RabbitMQ ‚úî Work with Po...",https://es.linkedin.com/jobs/view/full-stack-developer-python-%2B-vue-js-at-kimia-group-4281034341?utm_campaign=google_jobs_apply&utm_source=google_jobs_apply&utm_medium=organic,,LinkedIn,,,,,https://www.google.com/search?q=jobs&gl=es&hl=es&udm=8#vhid=vt%3D20/docid%3Deo9HyXUpVHlj4TcaAAAAAA%3D%3D&vssid=jobs-detail-viewer,
uvovr3E1zJIErDwkAAAAAA==,GCP Developer - Python & Vue.js,"NTT DATA, Inc.",Madrid,Madrid,ES,False,A tiempo completo,,,,,"NTT Data somos todas las personas que la formamos. Un equipo de m√°s de 139.000 profesionales, tan diverso c√≥mo diversos son los 50 pa√≠ses en los que estamos presentes y los diferentes sectores en los que desarrollamos nuestra actividad; telecomunicaciones, entidades financieras, industria, utilities, energ√≠a, administraci√≥n p√∫blica y sanidad. ¬øNuestra misi√≥n? Ofrecer soluciones tecnol√≥gicas, de negocio, estrategia, desarrollo y mantenimiento de aplicaciones, siendo un referente en consultor√≠a. T...",https://es.linkedin.com/jobs/view/gcp-developer-python-vue-js-at-ntt-data-inc-4279259341?utm_campaign=google_jobs_apply&utm_source=google_jobs_apply&utm_medium=organic,,LinkedIn,,,,,https://www.google.com/search?q=jobs&gl=es&hl=es&udm=8#vhid=vt%3D20/docid%3Duvovr3E1zJIErDwkAAAAAA%3D%3D&vssid=jobs-detail-viewer,
VU94r-Rkp9T3sHv6AAAAAA==,ü§ñüìä INGENIERO/A DE DATOS Big Data SQL PYTHON SPARK para  proyectos de an√°lisis de datos en sector puntero üêçüí°,Quental,Madrid,Madrid,ES,False,A tiempo completo,,,,,"‚Ä¢ üöÄ ¬°√önete a nuestro equipo en el apasionante mundo de la Ingenier√≠a, Ciencia de Datos y Machine Learning! ü§ñüìä Buscamos un profesional con experiencia acreditada en colaborar en las fases de extracci√≥n, tratamiento, transformaci√≥n y carga de grandes vol√∫menes de datos desde infraestructuras heterog√©neas. üåêüîÑüìà Si tienes habilidades en el desarrollo de soluciones de an√°lisis de datos y big data participando en las tareas de programaci√≥n de los procesos de extracci√≥n de los lagos de informaci√≥n, ¬°que...",https://es.linkedin.com/jobs/view/%F0%9F%A4%96%F0%9F%93%8A-ingeniero-a-de-datos-big-data-sql-python-spark-para-proyectos-de-an%C3%A1lisis-de-datos-en-sector-puntero-%F0%9F%90%8D%F0%9F%92%A1-at-quental-4294104522?utm_campaign=google_jobs_apply&utm_source=google_jobs_apply&utm_medium=organic,,LinkedIn,,,,,https://www.google.com/search?q=jobs&gl=es&hl=es&udm=8#vhid=vt%3D20/docid%3DVU94r-Rkp9T3sHv6AAAAAA%3D%3D&vssid=jobs-detail-viewer,
PwhzAy7lKVOZRQ9KAAAAAA==,Senior Data Engineer Python - Investment Management,Client Server,Madrid,Madrid,ES,False,A tiempo completo,,,,,"Senior Data Engineer (Python Spark SQL) Madrid onsite to ‚Ç¨120,000 Do you have a first class education combined with Data Engineering skills? You could be progressing your career at a start-up Investment Management firm that have secure backing, an established Hedge Fund client as a partner and massive growth potential. As a Senior Data Engineer you'll be instrumental in transitioning the core data platform to Azure, managing 3rd party data ingestion and integration. You'll collaborate and be sup...",https://es.linkedin.com/jobs/view/senior-data-engineer-python-investment-management-at-client-server-4287957058?utm_campaign=google_jobs_apply&utm_source=google_jobs_apply&utm_medium=organic,,LinkedIn,,,,,https://www.google.com/search?q=jobs&gl=es&hl=es&udm=8#vhid=vt%3D20/docid%3DPwhzAy7lKVOZRQ9KAAAAAA%3D%3D&vssid=jobs-detail-viewer,
jVooUl-b1nvNNKfTAAAAAA==,Lead Data Scientist (Python/PySpark),GFT Technologies,Madrid,Madrid,ES,False,A tiempo completo,,,,,"Descripci√≥n del puesto: ¬øQu√© estamos buscando? Actualmente tenemos un puesto vacante para un/a Lead Data Scientist (Python & PySpark Expert) que quiera unirse a nuestra compa√±√≠a. Buscamos una persona con una s√≥lida trayectoria en ciencia de datos, capaz de liderar equipos, dise√±ar estrategias anal√≠ticas y guiar la implementaci√≥n de soluciones avanzadas en entornos de Big Data. Tus principales responsabilidades son: Aunque depender√°n de tu perfil y experiencia aportada, en general las principales...",https://es.linkedin.com/jobs/view/lead-data-scientist-python-pyspark-at-gft-technologies-4283778610?utm_campaign=google_jobs_apply&utm_source=google_jobs_apply&utm_medium=organic,,LinkedIn,,,,,https://www.google.com/search?q=jobs&gl=es&hl=es&udm=8#vhid=vt%3D20/docid%3DjVooUl-b1nvNNKfTAAAAAA%3D%3D&vssid=jobs-detail-viewer,
8dH0Qp4tQhxeXfgHAAAAAA==,Wxt285 Llm Engineer | Python | Arquitecturas Rag (100% Remoto),Trileuco Solutions,Madrid,Madrid,ES,False,A tiempo completo,,,,,"¬øTe apasiona llevar modelos de IA a producci√≥n con eficiencia y calidad? En Diverger, estamos revolucionando el desarrollo de software mediante la adopci√≥n inteligente de IA generativa. Nuestro equipo trabaja en soluciones propias que aceleran y potencian el trabajo de desarrollo, con herramientas que no solo usamos, sino que creamos y mejoramos constantemente.Con m√°s de 120 personas trabajando en remoto desde toda Espa√±a, queremos incorporar a nuestro equipo un LLM Engineer con experiencia en i...",https://es.linkedin.com/jobs/view/wxt285-llm-engineer-python-arquitecturas-rag-100%25-remoto-at-trileuco-solutions-4290088885?utm_campaign=google_jobs_apply&utm_source=google_jobs_apply&utm_medium=organic,,LinkedIn,,,,,https://www.google.com/search?q=jobs&gl=es&hl=es&udm=8#vhid=vt%3D20/docid%3D8dH0Qp4tQhxeXfgHAAAAAA%3D%3D&vssid=jobs-detail-viewer,
j3jID3RBM0tpNUw-AAAAAA==,"Ia Backend Engineer (Python, Gcp, Llm)",Trileuco Solutions,Madrid,Madrid,ES,False,A tiempo completo,,,,,"En Diverger no solo desarrollamos software, transformamos c√≥mo se construye gracias a la inteligencia artificial. Nuestra metodolog√≠a propia, Exponential Programming, combina talento t√©cnico con GenAI para multiplicar el impacto de cada proyecto. Colaboramos con empresas que mueven sectores como el v√≠deo, la anal√≠tica de datos o el streaming de contenidos, desarrollando soluciones ambiciosas en entornos reales. M√°s de 100 personas forman parte de nuestros equipos. Y s√≠, ¬°la IA est√° en todas part...",https://es.linkedin.com/jobs/view/ia-backend-engineer-python-gcp-llm-at-trileuco-solutions-4286895754?utm_campaign=google_jobs_apply&utm_source=google_jobs_apply&utm_medium=organic,,LinkedIn,,,,,https://www.google.com/search?q=jobs&gl=es&hl=es&udm=8#vhid=vt%3D20/docid%3Dj3jID3RBM0tpNUw-AAAAAA%3D%3D&vssid=jobs-detail-viewer,
